variant,model,class,acc_mean,acc_std
A,convnext_tiny,Maine_Coon,0.86,0.0432
A,convnext_tiny,Ragdoll,0.72,0.0712
A,convnext_tiny,Birman,0.8,0.0374
A,convnext_tiny,Siamese,0.9033,0.0634
A,convnext_tiny,Persian,0.9067,0.0047
A,convnext_tiny,boxer,0.9259,0.0172
A,convnext_tiny,american_bulldog,0.91,0.0245
A,convnext_tiny,staffordshire_bull_terrier,0.7266,0.0872
A,convnext_tiny,english_cocker_spaniel,0.9767,0.017
A,convnext_tiny,english_setter,0.9067,0.0685
A,deit_tiny,Maine_Coon,0.72,0.1143
A,deit_tiny,Ragdoll,0.6267,0.0634
A,deit_tiny,Birman,0.7733,0.0655
A,deit_tiny,Siamese,0.9267,0.0205
A,deit_tiny,Persian,0.8,0.0432
A,deit_tiny,boxer,0.8451,0.029
A,deit_tiny,american_bulldog,0.8167,0.0047
A,deit_tiny,staffordshire_bull_terrier,0.7191,0.0511
A,deit_tiny,english_cocker_spaniel,0.9167,0.0403
A,deit_tiny,english_setter,0.8533,0.0881
A,dinov2_small,Maine_Coon,0.8467,0.0205
A,dinov2_small,Ragdoll,0.7033,0.0419
A,dinov2_small,Birman,0.9167,0.017
A,dinov2_small,Siamese,0.9233,0.0125
A,dinov2_small,Persian,0.8867,0.0411
A,dinov2_small,boxer,0.9259,0.0095
A,dinov2_small,american_bulldog,0.9333,0.0249
A,dinov2_small,staffordshire_bull_terrier,0.824,0.0424
A,dinov2_small,english_cocker_spaniel,0.9733,0.017
A,dinov2_small,english_setter,0.91,0.0374
A,resnet18,Maine_Coon,0.79,0.0245
A,resnet18,Ragdoll,0.6967,0.0287
A,resnet18,Birman,0.8233,0.0205
A,resnet18,Siamese,0.8433,0.0685
A,resnet18,Persian,0.8167,0.0655
A,resnet18,boxer,0.8754,0.029
A,resnet18,american_bulldog,0.8267,0.034
A,resnet18,staffordshire_bull_terrier,0.5955,0.0693
A,resnet18,english_cocker_spaniel,0.9267,0.0377
A,resnet18,english_setter,0.79,0.0424
B,convnext_tiny,Maine_Coon,0.8833,0.0249
B,convnext_tiny,Ragdoll,0.7033,0.0573
B,convnext_tiny,Birman,0.8333,0.0125
B,convnext_tiny,Siamese,0.8533,0.045
B,convnext_tiny,Persian,0.91,0.0082
B,convnext_tiny,boxer,0.9125,0.019
B,convnext_tiny,american_bulldog,0.8833,0.0403
B,convnext_tiny,staffordshire_bull_terrier,0.7491,0.0295
B,convnext_tiny,english_cocker_spaniel,0.96,0.0
B,convnext_tiny,english_setter,0.9033,0.0573
B,deit_tiny,Maine_Coon,0.7833,0.034
B,deit_tiny,Ragdoll,0.7067,0.1271
B,deit_tiny,Birman,0.7533,0.1584
B,deit_tiny,Siamese,0.8567,0.0838
B,deit_tiny,Persian,0.8,0.0356
B,deit_tiny,boxer,0.8822,0.029
B,deit_tiny,american_bulldog,0.89,0.0432
B,deit_tiny,staffordshire_bull_terrier,0.633,0.0231
B,deit_tiny,english_cocker_spaniel,0.8333,0.0205
B,deit_tiny,english_setter,0.9167,0.0047
B,dinov2_small,Maine_Coon,0.86,0.0294
B,dinov2_small,Ragdoll,0.6733,0.045
B,dinov2_small,Birman,0.9367,0.0236
B,dinov2_small,Siamese,0.9233,0.0125
B,dinov2_small,Persian,0.8733,0.0262
B,dinov2_small,boxer,0.9226,0.0048
B,dinov2_small,american_bulldog,0.9333,0.0262
B,dinov2_small,staffordshire_bull_terrier,0.794,0.0453
B,dinov2_small,english_cocker_spaniel,0.97,0.0141
B,dinov2_small,english_setter,0.9367,0.0262
B,resnet18,Maine_Coon,0.78,0.0283
B,resnet18,Ragdoll,0.7,0.0245
B,resnet18,Birman,0.85,0.0216
B,resnet18,Siamese,0.83,0.0779
B,resnet18,Persian,0.8267,0.0499
B,resnet18,boxer,0.899,0.0247
B,resnet18,american_bulldog,0.84,0.0572
B,resnet18,staffordshire_bull_terrier,0.5955,0.0367
B,resnet18,english_cocker_spaniel,0.9367,0.045
B,resnet18,english_setter,0.8367,0.0556
C,convnext_tiny,Maine_Coon,0.5433,0.0287
C,convnext_tiny,Ragdoll,0.4967,0.0741
C,convnext_tiny,Birman,0.6133,0.0873
C,convnext_tiny,Siamese,0.8933,0.017
C,convnext_tiny,Persian,0.8667,0.0492
C,convnext_tiny,boxer,0.7879,0.0378
C,convnext_tiny,american_bulldog,0.7733,0.0613
C,convnext_tiny,staffordshire_bull_terrier,0.9064,0.0538
C,convnext_tiny,english_cocker_spaniel,0.9067,0.0262
C,convnext_tiny,english_setter,0.9667,0.0094
C,deit_tiny,Maine_Coon,0.49,0.0698
C,deit_tiny,Ragdoll,0.59,0.0787
C,deit_tiny,Birman,0.6367,0.0618
C,deit_tiny,Siamese,0.77,0.0535
C,deit_tiny,Persian,0.74,0.0726
C,deit_tiny,boxer,0.6835,0.0762
C,deit_tiny,american_bulldog,0.6233,0.1078
C,deit_tiny,staffordshire_bull_terrier,0.8689,0.0295
C,deit_tiny,english_cocker_spaniel,0.6967,0.0125
C,deit_tiny,english_setter,0.9433,0.0047
C,dinov2_small,Maine_Coon,0.62,0.0616
C,dinov2_small,Ragdoll,0.4367,0.033
C,dinov2_small,Birman,0.7,0.1158
C,dinov2_small,Siamese,0.94,0.0216
C,dinov2_small,Persian,0.8433,0.0094
C,dinov2_small,boxer,0.8721,0.039
C,dinov2_small,american_bulldog,0.92,0.0082
C,dinov2_small,staffordshire_bull_terrier,0.9438,0.0092
C,dinov2_small,english_cocker_spaniel,0.8467,0.0525
C,dinov2_small,english_setter,0.9833,0.0094
C,resnet18,Maine_Coon,0.5467,0.0205
C,resnet18,Ragdoll,0.47,0.0883
C,resnet18,Birman,0.5433,0.1327
C,resnet18,Siamese,0.8033,0.0249
C,resnet18,Persian,0.83,0.051
C,resnet18,boxer,0.7172,0.0719
C,resnet18,american_bulldog,0.63,0.1551
C,resnet18,staffordshire_bull_terrier,0.8652,0.0092
C,resnet18,english_cocker_spaniel,0.77,0.0712
C,resnet18,english_setter,0.9067,0.0411
D,convnext_tiny,Maine_Coon,0.8058,0.0388
D,convnext_tiny,Ragdoll,0.5925,0.0957
D,convnext_tiny,Birman,0.8875,0.0476
D,convnext_tiny,Siamese,0.8542,0.0377
D,convnext_tiny,Persian,0.9142,0.0243
D,convnext_tiny,boxer,0.8948,0.0372
D,convnext_tiny,american_bulldog,0.88,0.0311
D,convnext_tiny,staffordshire_bull_terrier,0.8221,0.0569
D,convnext_tiny,english_cocker_spaniel,0.9683,0.0134
D,convnext_tiny,english_setter,0.9408,0.0362
D,deit_tiny,Maine_Coon,0.77,0.0329
D,deit_tiny,Ragdoll,0.5842,0.0772
D,deit_tiny,Birman,0.8167,0.065
D,deit_tiny,Siamese,0.82,0.0806
D,deit_tiny,Persian,0.8242,0.0459
D,deit_tiny,boxer,0.8695,0.0361
D,deit_tiny,american_bulldog,0.7842,0.0901
D,deit_tiny,staffordshire_bull_terrier,0.7434,0.0454
D,deit_tiny,english_cocker_spaniel,0.8783,0.0513
D,deit_tiny,english_setter,0.8858,0.0527
D,dinov2_small,Maine_Coon,0.785,0.0395
D,dinov2_small,Ragdoll,0.5625,0.0521
D,dinov2_small,Birman,0.9467,0.0272
D,dinov2_small,Siamese,0.8958,0.0287
D,dinov2_small,Persian,0.92,0.0129
D,dinov2_small,boxer,0.9184,0.012
D,dinov2_small,american_bulldog,0.9558,0.0171
D,dinov2_small,staffordshire_bull_terrier,0.9129,0.0344
D,dinov2_small,english_cocker_spaniel,0.9808,0.0132
D,dinov2_small,english_setter,0.9608,0.0064
D,resnet18,Maine_Coon,0.76,0.0334
D,resnet18,Ragdoll,0.58,0.0385
D,resnet18,Birman,0.8467,0.0392
D,resnet18,Siamese,0.8642,0.0419
D,resnet18,Persian,0.8892,0.0206
D,resnet18,boxer,0.8754,0.036
D,resnet18,american_bulldog,0.7875,0.0784
D,resnet18,staffordshire_bull_terrier,0.8043,0.0398
D,resnet18,english_cocker_spaniel,0.9183,0.0483
D,resnet18,english_setter,0.885,0.0703
E,convnext_tiny,Maine_Coon,0.8433,0.0236
E,convnext_tiny,Ragdoll,0.6333,0.0665
E,convnext_tiny,Birman,0.83,0.0283
E,convnext_tiny,Siamese,0.88,0.0432
E,convnext_tiny,Persian,0.9267,0.0125
E,convnext_tiny,boxer,0.9158,0.0208
E,convnext_tiny,american_bulldog,0.8467,0.0499
E,convnext_tiny,staffordshire_bull_terrier,0.8015,0.0212
E,convnext_tiny,english_cocker_spaniel,0.93,0.0245
E,convnext_tiny,english_setter,0.9667,0.017
E,deit_tiny,Maine_Coon,0.76,0.0163
E,deit_tiny,Ragdoll,0.6333,0.0634
E,deit_tiny,Birman,0.7233,0.0525
E,deit_tiny,Siamese,0.8467,0.0471
E,deit_tiny,Persian,0.8633,0.0741
E,deit_tiny,boxer,0.8956,0.0048
E,deit_tiny,american_bulldog,0.8467,0.0047
E,deit_tiny,staffordshire_bull_terrier,0.6854,0.0511
E,deit_tiny,english_cocker_spaniel,0.8767,0.066
E,deit_tiny,english_setter,0.8933,0.0377
E,dinov2_small,Maine_Coon,0.85,0.0141
E,dinov2_small,Ragdoll,0.6567,0.0624
E,dinov2_small,Birman,0.8933,0.0125
E,dinov2_small,Siamese,0.9233,0.0249
E,dinov2_small,Persian,0.9433,0.0205
E,dinov2_small,boxer,0.9293,0.0218
E,dinov2_small,american_bulldog,0.9333,0.0094
E,dinov2_small,staffordshire_bull_terrier,0.8352,0.0347
E,dinov2_small,english_cocker_spaniel,0.9767,0.0125
E,dinov2_small,english_setter,0.97,0.0082
E,resnet18,Maine_Coon,0.8267,0.0125
E,resnet18,Ragdoll,0.58,0.0735
E,resnet18,Birman,0.8067,0.0236
E,resnet18,Siamese,0.83,0.0432
E,resnet18,Persian,0.8933,0.0094
E,resnet18,boxer,0.8754,0.0172
E,resnet18,american_bulldog,0.7167,0.0531
E,resnet18,staffordshire_bull_terrier,0.7715,0.0053
E,resnet18,english_cocker_spaniel,0.93,0.0497
E,resnet18,english_setter,0.9033,0.034
